nivel,descripcion,num_siniestros,monto_total,expuestos,frecuencia,severidad,prima_riesgo,prima_mensual,pct_siniestros,pct_monto
1,Ambulatorio,1721018,49518537656.8298,95876689,0.0179503278424644,28772.81798146783,516.4815157189023,45.406930692327585,47.59857863999478,23.183424656572377
2,Hospitalario,1411036,110143171346.4641,95876689,0.014717195751305095,78058.37083282361,1148.8003235746291,100.99779969718594,39.025337335149125,51.5664645035111
3,Alta Especialidad,483638,53932867252.6846,95876689,0.005044375280835991,111514.9497200067,562.5232558112702,49.45473112216163,13.3760840248561,25.25011083991653
