{
  "accuracy": 0.5901639344262295,
  "f1_macro": 0.5881928945758733,
  "f1_weighted": 0.5872629869839496,
  "cv_f1_macro_mean": 0.5569794633184515,
  "cv_f1_macro_std": 0.03510160174717841,
  "train_size": 976,
  "test_size": 244,
  "vocabulary_size": 1576,
  "confusion_matrix": [
    [
      56,
      8,
      10
    ],
    [
      31,
      48,
      11
    ],
    [
      21,
      19,
      40
    ]
  ],
  "classification_report": {
    "1": {
      "precision": 0.5185185185185185,
      "recall": 0.7567567567567568,
      "f1-score": 0.6153846153846154,
      "support": 74.0
    },
    "2": {
      "precision": 0.64,
      "recall": 0.5333333333333333,
      "f1-score": 0.5818181818181818,
      "support": 90.0
    },
    "3": {
      "precision": 0.6557377049180327,
      "recall": 0.5,
      "f1-score": 0.5673758865248227,
      "support": 80.0
    },
    "accuracy": 0.5901639344262295,
    "macro avg": {
      "precision": 0.6047520744788505,
      "recall": 0.5966966966966968,
      "f1-score": 0.5881928945758733,
      "support": 244.0
    },
    "weighted avg": {
      "precision": 0.608317158868086,
      "recall": 0.5901639344262295,
      "f1-score": 0.5872629869839496,
      "support": 244.0
    }
  }
}